id,name,email,company,createdate
1,Elijah Johnston,non.enim@necenimNunc.org,Donec Consulting,2018-09-07 17:29:04:0904
2,Lester Nixon,eleifend.egestas.Sed@fringillacursus.org,Sed Leo Cras Corporation,2019-04-23 18:41:08:0408
3,Steel Witt,mauris.elit.dictum@mauriseuelit.org,Id Corp.,2019-08-09 11:30:47:0847
4,Noah Leonard,a@nisl.org,At Risus Nunc Industries,2019-03-21 14:49:38:0338
5,Malcolm Mann,amet@enim.org,Sapien Gravida Institute,2018-09-19 19:24:42:0942
6,Akeem Patrick,consequat.enim@Vivamus.net,Mauris Inc.,2020-03-30 23:17:12:0312
7,Lawrence Justice,et.rutrum@auctor.org,Morbi Industries,2019-03-19 12:42:40:0340
8,Clayton Knowles,Nunc@ProinvelitSed.edu,Non PC,2019-06-02 12:21:09:0609
9,Berk Rivas,nec.diam@Ut.net,Dolor Vitae Dolor Company,2019-05-05 23:54:45:0545
10,Victor Gray,dictum@egetnisi.co.uk,Felis Purus Consulting,2020-01-19 04:03:13:0113
11,Vernon Wise,eu.elit.Nulla@congueelitsed.co.uk,Rhoncus Foundation,2019-09-17 00:11:21:0921
12,Colt Gutierrez,leo.in.lobortis@sedfacilisis.co.uk,Pretium LLP,2019-08-16 13:51:16:0816
13,Phelan James,egestas.urna.justo@Suspendissenonleo.co.uk,Lectus Pede Et LLP,2018-08-26 10:52:57:0857
14,Wesley Gallegos,pede@afeugiat.ca,Aliquam LLP,2018-06-17 07:34:07:0607
15,Cody Johnson,justo.faucibus.lectus@etcommodoat.org,Aliquam Ultrices PC,2019-05-31 20:08:48:0548
16,Caldwell Lucas,turpis.egestas@cursusNuncmauris.net,Quis Corporation,2019-08-11 17:16:55:0855
17,Lewis Baxter,non@Nulla.co.uk,In Incorporated,2018-12-01 21:50:35:1235
18,Carter James,metus@ametdapibusid.org,Sed Industries,2020-05-05 04:03:37:0537
19,Josiah Mullen,et.magnis@purussapien.edu,Dolor Elit Pellentesque Foundation,2019-07-24 08:11:22:0722
20,Magee Owen,dictum.augue.malesuada@magna.net,Eget Varius Ultrices Inc.,2018-08-20 09:28:45:0845
21,Raja Gordon,luctus.ipsum@lobortisClass.net,At Pede Industries,2018-11-20 00:50:18:1118
22,Craig Mendez,fermentum.metus.Aenean@Mauris.co.uk,In Tincidunt Congue LLC,2020-01-19 20:42:38:0138
23,Jonah Buckner,iaculis.quis@ligulaDonecluctus.net,Elit Nulla Foundation,2020-01-02 15:13:48:0148
24,Elliott Craft,neque@ipsumacmi.co.uk,Integer Sem Institute,2018-07-08 23:16:08:0708
25,Zeph Whitaker,erat.nonummy.ultricies@feugiatnecdiam.co.uk,Lobortis Corporation,2019-06-02 10:27:31:0631
26,Kelly Marquez,ridiculus@pedeet.com,Egestas Lacinia Sed Institute,2019-06-27 19:13:54:0654
27,Walker Oconnor,eros.turpis@ridiculus.ca,Sed Dictum Corporation,2019-04-12 05:13:38:0438
28,Chase Alvarado,non.lobortis.quis@PhasellusornareFusce.co.uk,Phasellus Ltd,2020-05-10 01:16:16:0516
29,Hoyt Cantrell,egestas@pedesagittisaugue.ca,Nisl Quisque Industries,2019-08-16 06:51:57:0857
30,Harlan Irwin,consectetuer.adipiscing@Inornare.edu,Leo In Lobortis Incorporated,2020-02-10 23:30:31:0231
31,Nigel Albert,pellentesque.eget.dictum@velarcueu.co.uk,Nulla Ante Iaculis Ltd,2019-07-29 02:56:00:0700
32,Grant Ford,odio@mattissemper.edu,Porttitor Interdum Corp.,2018-11-04 07:14:17:1117
33,Quinlan Gill,ante.Nunc@Fuscealiquetmagna.edu,Vehicula Et Incorporated,2018-09-29 03:31:36:0936
34,Geoffrey Rosa,Cras@Namac.com,Dolor Vitae Dolor Foundation,2020-04-25 11:34:00:0400
35,Rudyard Dudley,fermentum.metus.Aenean@quislectusNullam.edu,Ultrices Sit Amet Institute,2018-08-04 13:20:45:0845
36,Kamal Morin,mi.tempor.lorem@sagittissemper.org,Velit Justo Company,2020-03-19 03:51:00:0300
37,Trevor Byers,accumsan.interdum@laoreetlectusquis.org,Integer Corporation,2019-05-13 19:38:13:0513
38,Vaughan Barber,sed.consequat@orciluctuset.org,Curabitur Vel Lectus Corporation,2020-01-12 08:30:35:0135
39,Alden Bates,et@metusInnec.org,Eget Corporation,2018-06-14 00:31:19:0619
40,Carter Schneider,Curae.Donec.tincidunt@eleifend.net,Tempus Eu Limited,2019-12-11 14:30:32:1232
41,Todd Barrett,ut.ipsum@liberoDonec.net,Quis LLP,2019-04-01 18:09:26:0426
42,Slade Baldwin,id.ante.dictum@malesuadaaugueut.ca,Urna Ut Tincidunt PC,2019-10-04 15:33:32:1032
43,Randall Monroe,enim.Curabitur@vitaeodio.org,Mi Ac Company,2019-05-06 14:54:13:0513
44,Solomon Cote,a@egetmagnaSuspendisse.com,Dolor Sit Amet Incorporated,2020-03-02 05:00:05:0305
45,Silas Berry,ac.mattis.semper@facilisismagna.edu,Elementum Purus Accumsan Corp.,2020-01-16 05:04:17:0117
46,Caleb Vaughn,eget.massa.Suspendisse@seddictumeleifend.net,Elit Fermentum Risus PC,2019-12-20 23:39:58:1258
47,Gil Boyle,risus.Morbi@sociisnatoquepenatibus.org,Amet Risus Donec Corporation,2018-06-25 03:53:48:0648
48,Baker Curry,laoreet@Sed.edu,Turpis Egestas Aliquam Institute,2020-02-02 01:35:24:0224
49,Fitzgerald Jarvis,montes.nascetur@nonenim.net,Malesuada Id Erat PC,2018-11-18 11:17:38:1138
50,Cade Bond,Ut@aliquetlobortisnisi.org,Sagittis Duis Limited,2018-06-22 18:53:18:0618
51,Cooper Freeman,diam@Sedpharetra.edu,Et Ultrices Posuere Industries,2019-05-19 11:29:10:0510
52,Amir Rush,at.sem@enim.co.uk,In Institute,2018-12-22 03:37:24:1224
53,Edward Craig,ridiculus.mus@nec.edu,Ullamcorper PC,2020-05-11 00:29:36:0536
54,Alden Lee,id@Nullafacilisi.edu,Eget Industries,2020-01-10 04:55:46:0146
55,Logan Mcneil,erat.semper@gravida.edu,Bibendum Company,2020-01-29 21:03:12:0112
56,Zane Valdez,conubia.nostra@dis.edu,Amet Massa Quisque Limited,2020-02-23 09:29:51:0251
57,Kuame Burgess,augue.ac.ipsum@Crasdictum.edu,Sed Sem Company,2020-03-18 05:04:11:0311
58,Dillon Everett,consectetuer@etmagnisdis.ca,Vivamus Associates,2018-06-22 09:57:43:0643
59,Jared Haley,dolor.dapibus@tristique.com,Pretium Institute,2020-05-14 17:35:52:0552
60,Hamilton Melton,Proin.dolor.Nulla@est.org,Ridiculus Mus Donec Incorporated,2018-08-04 05:40:54:0854
61,Harding Rodgers,pede.malesuada.vel@enimSuspendissealiquet.org,Nisi Corporation,2018-12-11 03:33:11:1211
62,Burton Pitts,imperdiet.erat.nonummy@elitpretiumet.ca,Dolor Tempus Non Foundation,2019-10-29 00:04:39:1039
63,William Barker,diam.Sed@Nulla.org,Ornare Egestas Inc.,2020-04-20 04:49:43:0443
64,Baker Franco,mattis.Integer@Inscelerisquescelerisque.org,Aliquam Corporation,2019-04-07 19:54:13:0413
65,Sean Humphrey,In.lorem.Donec@Maurismolestiepharetra.org,Justo Faucibus Lectus Institute,2019-06-17 06:09:41:0641
66,Dexter English,posuere.cubilia@adipiscingenim.net,Curabitur Vel Lectus PC,2020-03-17 22:50:38:0338
67,Steel Ellis,lacus.Etiam@eratvolutpat.edu,Sed Associates,2019-11-12 19:06:26:1126
68,Buckminster Church,penatibus@Integer.ca,Vitae Purus Industries,2020-01-19 01:01:09:0109
69,Shad Hardin,ipsum@ullamcorpernislarcu.com,Sed Sem Egestas Foundation,2020-03-07 11:39:12:0312
70,Hamilton Nixon,felis@Etiamgravida.org,Integer Company,2020-02-25 01:50:09:0209
71,Kibo Summers,Etiam.bibendum@neque.edu,Et Ltd,2020-05-02 15:44:09:0509
72,Stuart Fletcher,Integer.aliquam.adipiscing@metusurna.edu,Nullam Lobortis Company,2020-02-20 13:10:08:0208
73,Kuame Patterson,condimentum.eget.volutpat@Fuscedolor.co.uk,Turpis In LLC,2018-09-27 11:30:04:0904
74,Lewis Rocha,non.leo.Vivamus@egetmetus.org,Sed Inc.,2018-08-26 05:30:44:0844
75,Daquan Freeman,tellus.lorem.eu@amet.org,Vulputate Eu Institute,2019-07-28 20:10:52:0752
76,Kennan Buckley,pellentesque@lobortisquispede.com,Eu PC,2020-02-06 06:55:06:0206
77,Declan Abbott,est@idsapienCras.edu,Nec Ligula Consectetuer Associates,2018-11-18 07:00:57:1157
78,Isaiah Woodard,mi@mattisInteger.ca,Molestie Corporation,2018-10-29 21:52:07:1007
79,Malcolm Whitney,est.ac.facilisis@Loremipsum.net,Eu Tellus Corporation,2018-05-22 00:35:13:0513
80,Chadwick Walls,volutpat.nunc.sit@necurna.co.uk,Enim Institute,2018-10-06 07:41:45:1045
81,Dolan Sykes,pede.Nunc@Nullaaliquet.edu,Massa Lobortis Incorporated,2018-09-02 21:14:53:0953
82,Jeremy Sanford,vel.arcu.Curabitur@turpisegestasAliquam.org,Elit Pellentesque Consulting,2019-04-07 19:23:06:0406
83,Erasmus Levine,dui.Cum.sociis@sedpede.ca,Aliquam Eros Foundation,2019-02-05 15:36:07:0207
84,Nolan Parks,at.pretium@etnetus.com,Vel Company,2019-04-17 12:26:55:0455
85,Keaton Blevins,Suspendisse@magna.ca,Metus Industries,2018-09-27 01:51:21:0921
86,Hakeem Farrell,eu.ultrices.sit@vitaepurusgravida.org,Magna Suspendisse Tristique Institute,2019-07-01 15:16:49:0749
87,Marshall Herman,mauris.Integer@et.com,A Industries,2020-03-23 21:29:53:0353
88,Austin Hicks,auctor.velit@molestie.net,Consequat Enim Diam Industries,2018-06-28 21:58:01:0601
89,Ali Reynolds,libero@acturpis.com,Adipiscing Fringilla Associates,2019-05-25 20:49:30:0530
90,Hakeem Brewer,vitae@eget.co.uk,Proin Vel Limited,2020-03-04 20:36:47:0347
91,Brennan Travis,Donec.tincidunt.Donec@ametluctusvulputate.co.uk,Semper Tellus Id LLP,2019-01-20 05:15:53:0153
92,Colt Cross,Cum@vestibulumloremsit.co.uk,Ultrices Posuere LLC,2019-05-18 02:14:19:0519
93,Carson Ramos,sagittis.felis@ametornarelectus.edu,Leo Cras Vehicula Ltd,2019-01-09 20:51:10:0110
94,Lester Carter,quis.arcu.vel@ametmetusAliquam.org,Quisque Institute,2018-08-30 08:56:03:0803
95,Dennis Patrick,nec.urna@velitQuisquevarius.co.uk,Ornare Facilisis Limited,2019-01-11 19:52:33:0133
96,Wade Hendricks,ornare.sagittis.felis@feugiattellus.org,Mus Corporation,2019-02-12 03:06:49:0249
97,Garrison Russell,vel.venenatis.vel@sapienimperdietornare.ca,Eu Odio LLC,2019-05-09 00:34:04:0504
98,Dennis Dillard,tellus@utpharetra.com,Morbi Neque Tellus Associates,2020-02-23 09:26:26:0226
99,Benjamin Emerson,amet.consectetuer@quis.edu,Donec Est Nunc LLC,2019-01-01 16:40:18:0118
100,Nissim Burton,amet.consectetuer@quam.ca,At Velit Cras Company,2018-06-22 05:26:38:0638